id,house_ln,house_la,subway,bus_stop,park,scenery,borough,room_type,accommodates,bathroom,bedroom,beds,bed_type,guests,num_of_review,review_score,Entire_home,Private_room,Shared_room,crime_rate,host_response_time,response_time_num,host_response_rate,superhost,host_neighborhood,daily_price,weekly_price,monthly_price,Central_Park,Van_Cortlandt,Flushing_Meadows,Prospect_Park,Washington_Square_Park,Bronx_Park,Pelham_Bay_Park,Floyd_Bennet_Field,Jamaica_Bay,Jacob_Riis_Park,Fort_Tilden,Greenbelt,The_Metropolitan_Museum_of_Art,statue_of_liberty,Empire_state_Building,American_Museum_of_Natual_History,Museum_of_Modern_Art,Times_Square,One_world_trade_cente,Grand_Centreal_Terminal,intrepid_sea_air,Fifth_Avenue,Brooklyn_Bridge,Wall_Street,Flatiron_Building,New_York_University,Broadway,China_Town,New_york_Public_Library,West_Point_Academy,Columbia_University,Madison_Square_Garden,madame_tussauds_new_york,National_September_11_Memorial_Museum,Manhattan_Skyline,United_Nations_Headquarters,SOHO,St_Patrick_Cathedral,High_Line_Park,Top_of_the_Rock,sub_dist_1,sub_dist_2,sub_dist_3,bus_dist_1,bus_dist_2,bus_dist_3,Brooklyn,Manhattan,Queens,Staten,Bronx,ave_price,Price_avg,True_price,Predict_price,errors
19114014,-73.99967,40.73444,11,4,1,19,Manhattan,Private room,14,5,6,7,Real Bed,8,33,99,0,1,0,2.282,within an hour,3,1,1,Greenwich Village,950,,,6.222,20.545,13.4,8.066,0.448,16.537,22.298,17.541,18.872,21.745,21.274,11.995,5.853,6.29,1.999,5.663,3.533,2.983,2.647,2.78,3.377,5.234,3.116,3.255,1.119,0.591,6.619,2.162,2.546,71.85,8.708,1.829,2.596,2.778,3.68,3.278,5.487,3.28,244.599,3.224,0.244,0.295,0.379,0.117,0.15,0.431,0,1,0,0,0,67.85714286,inf,950,1062.3279,112.327880859375
18239623,-73.98187,40.76392,10,12,2,19,Manhattan,Entire home/apt,4,2,1,2,Real Bed,1,0,0,1,0,0,4.3095,within an hour,3,1,0,Midtown,186,,,2.617,16.947,12.185,10.988,3.904,13.069,18.992,19.851,20.862,23.754,23.764,15.573,2.316,9.841,1.706,2.062,0.446,0.622,6.252,1.306,1.597,1.744,6.518,6.829,2.621,4.044,3.058,5.569,1.196,68.523,5.115,1.78,1.036,6.382,0.308,1.84,1.913,0.717,241.283,0.563,0.119,0.131,0.295,0.038,0.236,0.256,0,1,0,0,0,46.5,inf,186,310.3127,124.31271362304688
35221421,-73.94213,40.71651,1,13,0,6,Brooklyn,Entire home/apt,2,1,2,1,Real Bed,1,0,0,1,0,0,0.9601,,0,0,0,Williamsburg,50,,,7.938,20.72,8.921,6.128,4.917,15.886,20.744,13.773,14.648,17.537,17.767,13.919,7.208,9.151,5.12,7.681,5.829,5.945,6.005,4.994,7.298,6.701,4.776,5.742,4.855,4.86,8.714,4.605,5.297,73.793,10.267,5.568,5.938,5.96,6.03,4.429,7.732,5.528,246.498,5.698,0.27,0.524,0.738,0.177,0.216,0.22,1,0,0,0,0,25,inf,50,175.71793,125.71792602539062
25540851,-73.98714,40.67133,3,5,1,4,Brooklyn,Entire home/apt,6,2,4,5,Real Bed,1,1,0,1,0,0,0.9893,,0,0,0,Park Slope,200,,,12.749,26.599,14.492,1.602,6.671,21.986,27.027,11.234,13.023,15.742,14.613,8.125,12.173,5.236,8.617,12.288,10.056,9.738,5.125,9.09,10.457,11.554,3.999,4.267,7.762,6.519,13.335,4.936,9.109,78.826,15.286,8.723,9.456,4.946,10.254,9.04,12.197,9.732,251.586,9.786,0.112,0.252,0.747,0.218,0.266,0.268,1,0,0,0,0,33.33333333,inf,200,340.7941,140.79409790039062
8823472,-73.95688,40.65685,2,7,1,0,Brooklyn,Entire home/apt,4,2,2,2,Real Bed,2,0,0,1,0,0,0.8737,,0,0,0,Lefferts Garden,60,,,14.292,27.465,13.442,1.453,8.904,22.57,27.114,8.347,10.032,12.788,11.937,10.175,13.628,8.225,10.506,13.916,11.766,11.594,7.843,10.798,12.561,13.049,6.483,7.004,9.77,8.761,14.98,7.299,10.922,80.41,16.762,10.732,11.392,7.671,11.974,10.541,13.884,11.435,253.147,11.536,0.426,0.564,0.697,0.144,0.197,0.308,1,0,0,0,0,15,inf,60,187.70409,127.70408630371094
8369895,-73.99226,40.74451,5,11,1,23,Manhattan,Entire home/apt,6,1,3,3,Real Bed,1,25,97,1,0,0,1.73,within a few hours,2,1,0,Chelsea,299,,,4.944,19.263,12.773,8.984,1.581,15.274,21.076,18.233,19.439,22.326,22.047,13.275,4.573,7.562,0.749,4.391,2.253,1.709,3.928,1.566,2.368,3.955,4.25,4.503,0.434,1.725,5.364,3.29,1.278,70.707,7.441,0.58,1.345,4.055,2.398,2.198,4.225,2.01,243.462,1.944,0.188,0.29,0.315,0.263,0.29,0.309,0,1,0,0,0,49.83333333,inf,299,437.0105,138.010498046875
31468463,-73.97664,40.76263,8,12,2,19,Manhattan,Entire home/apt,9,1,3,5,Real Bed,6,3,100,1,0,0,4.3095,within an hour,3,1,0,Midtown,299,,,2.595,16.869,11.724,10.812,3.943,12.884,18.75,19.56,20.533,23.424,23.491,15.681,2.167,9.967,1.705,2.099,0.154,0.827,6.325,1.102,2.049,1.549,6.481,6.856,2.634,4.076,3.146,5.548,1.155,68.657,5.132,1.911,1.256,6.446,0.158,1.467,2.017,0.458,241.416,0.462,0.164,0.299,0.368,0.12,0.146,0.16,0,1,0,0,0,33.22222222,inf,299,518.1894,219.18939208984375
30908379,-73.9425,40.80239,3,16,1,6,Manhattan,Entire home/apt,6,2,3,4,Real Bed,1,12,100,1,0,0,2.4892,within an hour,3,1,0,East Harlem,155,,,2.9,11.64,11.043,15.39,9.2,7.688,13.756,23.096,23.631,26.453,27.147,20.955,3.109,15.238,6.968,3.506,5.427,6.023,11.592,6.246,6.447,3.726,11.619,12.086,7.889,9.327,2.998,10.726,6.417,64.246,1.784,7.17,6.447,11.708,5.289,6.067,3.785,5.685,236.949,5.736,0.425,0.456,0.601,0.119,0.214,0.282,0,1,0,0,0,25.83333333,inf,155,332.5794,177.57940673828125
26692070,-74.00639,40.70496,8,6,1,8,Manhattan,Entire home/apt,4,1,1,3,Real Bed,2,34,96,1,0,0,1.7097,within a few hours,2,1,1,Financial District,128,,,9.471,23.732,14.481,5.363,2.976,19.518,25.056,15.133,16.741,19.544,18.644,9.02,9.028,3.661,5.187,8.935,6.735,6.259,1.06,5.855,6.671,8.397,0.79,0.236,4.258,2.832,9.92,1.392,5.732,75.151,11.988,5.129,5.899,0.886,6.905,6.094,8.78,6.445,247.892,6.433,0.308,0.428,0.496,0.066,0.117,0.272,0,1,0,0,0,32,inf,128,232.95944,104.95944213867188
18210950,-73.97299,40.7523,5,15,2,20,Manhattan,Entire home/apt,6,2,2,3,Real Bed,1,2,90,1,0,0,1.1501,,0,0,1,Midtown East,134,,,3.668,17.773,11.225,9.652,3.148,13.592,19.302,18.377,19.371,22.263,22.303,14.902,3.112,9.248,1.117,3.232,1.094,1.258,5.534,0.355,2.724,2.483,5.49,5.968,1.88,3.258,4.293,4.593,0.788,69.801,6.204,1.594,1.426,5.634,1.302,0.455,3.185,0.778,242.558,0.945,0.275,0.33,0.525,0.014,0.221,0.236,0,1,0,0,0,22.33333333,inf,134,405.1541,271.15411376953125
24234359,-73.97117,40.69613,0,4,1,6,Brooklyn,Entire home/apt,3,2,3,2,Real Bed,1,6,93,1,0,0,1.8669,within a day,1,1,0,Fort Greene,95,,,9.895,23.558,12.01,3.404,4.443,18.918,23.989,12.651,14.03,16.889,16.401,10.617,9.273,6.235,5.98,9.479,7.288,7.078,4.009,6.314,8.034,8.669,2.48,3.359,5.24,4.307,10.54,3.017,6.411,76.045,12.409,6.201,6.865,3.879,7.493,6.14,9.424,6.957,248.8,7.044,0.966,1.063,1.086,0.321,0.34,0.362,1,0,0,0,0,31.66666667,inf,95,195.62659,100.6265869140625
30460606,-73.98465,40.72336,1,17,1,19,Manhattan,Entire home/apt,10,2,3,5,Real Bed,4,22,94,1,0,0,1.1773,within an hour,3,1,1,,443,,,7.001,21.114,12.258,6.551,1.353,16.802,22.309,15.849,17.132,20.01,19.63,11.766,6.475,6.316,2.831,6.517,4.28,3.952,2.672,3.326,4.805,5.846,2.156,2.806,2.02,1.257,7.555,1.37,3.32,73.038,9.543,2.987,3.688,2.698,4.473,3.417,6.413,3.961,245.797,4.002,0.446,0.603,0.608,0.062,0.076,0.194,0,1,0,0,0,44.3,inf,443,550.0853,107.0853271484375
6967305,-73.96802,40.67886,4,9,1,3,Brooklyn,Entire home/apt,6,2.5,2,3,Real Bed,4,2,90,1,0,0,0.9147,,0,0,0,Prospect Heights,164,1050,3000,11.812,25.321,12.681,1.489,6.284,20.577,25.449,10.881,12.406,15.226,14.547,9.936,11.177,6.557,7.916,11.407,9.223,9.016,5.377,8.25,9.947,10.58,3.936,4.577,7.16,6.141,12.469,4.703,8.349,77.963,14.316,8.125,8.798,5.215,9.429,8.054,11.357,8.893,250.715,8.981,0.418,0.477,0.523,0.118,0.282,0.316,1,0,0,0,0,27.33333333,inf,164,279.462,115.46200561523438
30017757,-73.96382,40.79505,2,10,1,16,Manhattan,Private room,4,2,2,2,Real Bed,2,2,80,0,1,0,0.8454,within an hour,3,0.96,0,Upper West Side,90,,,1.169,13.183,12.051,14.41,7.679,9.566,15.698,22.677,23.409,26.273,26.686,19.331,1.75,13.589,5.453,1.728,3.91,4.402,10.032,4.838,4.584,2.348,10.243,10.602,6.382,7.817,1.027,9.31,4.91,65.041,1.392,5.558,4.798,10.163,3.735,4.877,1.949,4.214,237.791,4.208,0.23,0.386,0.621,0.133,0.208,0.354,0,1,0,0,0,22.5,inf,90,274.84204,184.842041015625
17974244,-73.9789,40.78937,1,13,1,18,Manhattan,Entire home/apt,8,2,3,5,Real Bed,1,1,0,1,0,0,0.8454,within an hour,3,1,0,Upper West Side,376,,,1.012,14.383,12.876,13.791,6.693,10.949,17.106,22.43,23.303,26.186,26.393,18.175,1.723,12.431,4.543,0.999,3.103,3.429,8.975,4.077,3.296,2.025,9.346,9.606,5.443,6.838,0.391,8.392,4.036,65.688,2.443,4.538,3.769,9.118,2.899,4.337,0.968,3.432,238.448,3.361,0.24,0.61,0.75,0.198,0.217,0.258,0,1,0,0,0,47,inf,376,506.16193,130.16192626953125
35261660,-73.92962,40.67038,2,7,1,0,Brooklyn,Entire home/apt,9,2,3,5,Real Bed,6,0,0,1,0,0,0.9147,,0,0,0,Crown Heights,245,,,13.165,25.569,10.748,3.427,8.818,20.523,24.757,8.566,9.65,12.537,12.535,12.721,12.442,9.917,9.909,12.883,10.91,10.898,8.492,9.996,12.092,11.923,6.972,7.765,9.356,8.696,13.928,7.535,10.22,78.951,15.502,10.252,10.793,8.348,11.117,9.554,12.913,10.59,251.619,10.733,0.325,0.864,1.003,0.101,0.129,0.255,1,0,0,0,0,27.22222222,inf,245,372.59738,127.59738159179688
16314979,-73.98653,40.69899,9,9,2,7,Brooklyn,Entire home/apt,4,2,2,2,Real Bed,1,0,0,1,0,0,2.1164,,0,0,0,Downtown Brooklyn,180,,,9.697,23.686,13.091,3.98,3.655,19.216,24.498,13.609,15.111,17.943,17.248,9.76,9.143,5.011,5.541,9.224,6.989,6.662,2.735,6.027,7.416,8.518,1.227,2.035,4.691,3.506,10.267,1.989,6.035,75.751,12.237,5.656,6.383,2.591,7.184,6.027,9.126,6.667,248.51,6.715,0.089,0.339,0.578,0.129,0.282,0.29,1,0,0,0,0,45,inf,180,304.97644,124.9764404296875
29967770,-73.98488,40.70321,1,5,1,7,Brooklyn,Entire home/apt,4,2,2,2,Real Bed,4,3,100,1,0,0,2.1164,within a day,1,1,0,DUMBO,175,,,9.211,23.198,12.804,4.379,3.245,18.738,24.042,13.925,15.373,18.219,17.604,10.168,8.655,5.265,5.071,8.742,6.508,6.192,2.624,5.545,6.979,8.03,1.103,2.042,4.234,3.098,9.787,1.659,5.559,75.278,11.752,5.201,5.92,2.503,6.705,5.538,8.647,6.185,248.037,6.236,0.421,0.642,0.942,0.293,0.389,0.416,1,0,0,0,0,43.75,inf,175,282.87958,107.87957763671875
22361100,-73.99184,40.76282,2,8,2,19,Manhattan,Entire home/apt,7,1,3,4,Real Bed,1,5,84,1,0,0,4.3095,,0,0,0,Hell's Kitchen,275,,,3.173,17.467,12.981,10.977,3.588,13.736,19.72,20.061,21.159,24.052,23.929,15.053,3.02,9.309,1.648,2.574,1.203,0.714,5.829,1.669,0.786,2.506,6.282,6.478,2.42,3.737,3.438,5.32,1.342,68.671,5.549,1.458,0.756,5.974,1.142,2.4,2.344,1.323,241.426,1.106,0.495,0.638,0.684,0.09,0.158,0.206,0,1,0,0,0,39.28571429,inf,275,458.48267,183.482666015625
34252769,-74.00414,40.74021,9,4,1,20,Manhattan,Entire home/apt,6,1,2,4,Real Bed,1,3,100,1,0,0,2.282,within an hour,3,1,0,Meatpacking District,259,,,5.833,20.162,13.763,8.795,1.191,16.285,22.137,18.285,19.612,22.486,22.015,12.351,5.542,6.612,1.844,5.252,3.251,2.623,3.125,2.665,2.749,4.943,3.796,3.824,1.219,1.33,6.156,2.859,2.338,71.227,8.264,1.494,2.2,3.277,3.366,3.304,5.047,3.05,243.969,2.949,0.14,0.22,0.425,0.07,0.105,0.337,0,1,0,0,0,43.16666667,inf,259,385.8605,126.86050415039062
30759268,-74.00197,40.73103,8,8,1,19,Manhattan,Entire home/apt,4,1,2,2,Real Bed,2,0,0,1,0,0,2.282,within a day,1,0.6,0,West Village,155,,,6.647,20.971,13.615,7.773,0.392,16.954,22.701,17.313,18.686,21.551,21.015,11.572,6.278,5.871,2.42,6.088,3.957,3.408,2.222,3.192,3.756,5.657,2.76,2.842,1.524,0.437,7.04,1.823,2.968,72.238,9.131,2.253,3.02,2.354,4.105,3.659,5.91,3.702,244.984,3.649,0.191,0.277,0.421,0.054,0.27,0.294,0,1,0,0,0,38.75,inf,155,269.67142,114.67141723632812
25961778,-73.94451,40.65014,2,4,1,0,Brooklyn,Entire home/apt,6,1.5,4,4,Real Bed,2,0,0,1,0,0,0.8373,,0,0,0,,100,,,15.139,27.991,13.255,2.732,10.016,23.004,27.325,7.126,8.755,11.526,10.815,11.135,14.451,9.493,11.502,14.795,12.692,12.569,9.076,11.735,13.604,13.891,7.681,8.247,10.81,9.876,15.856,8.462,11.89,81.168,17.568,11.761,12.394,8.907,12.901,11.417,14.784,12.363,253.88,12.478,0.434,0.675,0.869,0.172,0.214,0.427,1,0,0,0,0,16.66666667,inf,100,228.26492,128.26492309570312
26107318,-73.95205,40.74436,2,2,0,19,Queens,Entire home/apt,6,2,2,3,Real Bed,1,36,100,1,0,0,0.9628,within an hour,3,1,1,Long Island City,175,,,4.731,17.96,9.388,8.891,4.101,13.396,18.746,16.98,17.811,20.694,20.974,15.341,4.001,9.917,2.855,4.494,2.878,3.221,6.226,2.312,4.693,3.499,5.678,6.409,3.194,4.15,5.514,4.975,2.728,70.683,7.081,3.384,3.39,6.275,3.054,1.531,4.569,2.64,243.411,2.847,0.199,0.232,0.356,0.225,0.498,0.544,0,0,1,0,0,29.16666667,inf,175,283.4834,108.4833984375
33334476,-73.94355,40.72023,0,8,0,8,Brooklyn,Entire home/apt,8,2.5,4,5,Real Bed,8,2,100,1,0,0,0.9601,within an hour,3,1,0,Williamsburg,284,,,7.507,20.346,8.926,6.47,4.683,15.541,20.464,14.203,15.073,17.961,18.197,14.068,6.778,9.185,4.749,7.251,5.413,5.546,5.928,4.592,6.915,6.271,4.776,5.725,4.531,4.637,8.283,4.519,4.905,73.377,9.839,5.209,5.553,5.895,5.613,4.011,7.304,5.116,246.086,5.289,0.631,0.815,0.89,0.185,0.228,0.229,1,0,0,0,0,35.5,inf,284,583.63794,299.637939453125
1937323,-73.99225,40.76247,0,9,2,19,Manhattan,Entire home/apt,4,1,2,2,Real Bed,2,2,100,1,0,0,4.3095,within a day,1,0.5,0,Hell's Kitchen,150,,2750,3.225,17.518,13.008,10.944,3.545,13.788,19.772,20.04,21.142,24.035,23.905,15.003,3.072,9.258,1.623,2.626,1.233,0.719,5.782,1.669,0.765,2.555,6.241,6.432,2.384,3.695,3.488,5.279,1.332,68.711,5.6,1.42,0.731,5.927,1.179,2.409,2.395,1.342,241.466,1.124,0.528,0.612,0.712,0.078,0.156,0.198,0,1,0,0,0,37.5,inf,150,269.23007,119.23007202148438
16237242,-73.96239,40.72052,0,0,1,18,Brooklyn,Entire home/apt,4,2,2,2,Real Bed,1,9,90,1,0,0,0.9601,,0,0,0,,149,,,7.197,20.75,10.467,6.145,3.159,16.152,21.36,14.761,15.846,18.738,18.667,12.863,6.538,7.75,3.697,6.83,4.733,4.678,4.366,3.792,5.892,5.954,3.326,4.234,3.248,3.098,7.893,2.957,3.998,73.329,9.676,4.073,4.575,4.344,4.942,3.451,6.814,4.407,246.075,4.535,0.587,1.042,1.248,0.783,0.859,1.008,1,0,0,0,0,37.25,inf,149,287.23325,138.23324584960938
9937667,-73.97844,40.76542,10,10,1,20,Manhattan,Entire home/apt,6,2.5,3,4,Real Bed,1,5,88,1,0,0,4.3095,within a few hours,2,0.92,0,Murray Hill,175,,,2.349,16.663,11.943,11.131,4.163,12.751,18.664,19.904,20.878,23.769,23.833,15.865,2.001,10.138,1.938,1.82,0.443,0.919,6.528,1.415,1.884,1.417,6.743,7.085,2.865,4.3,2.849,5.802,1.4,68.35,4.87,2.069,1.347,6.655,0.236,1.811,1.709,0.773,241.109,0.704,0.181,0.205,0.392,0.134,0.199,0.203,0,1,0,0,0,29.16666667,inf,175,514.44464,339.44464111328125
12558307,-73.97351,40.75207,5,16,2,20,Manhattan,Entire home/apt,6,2,2,3,Real Bed,1,5,88,1,0,0,1.1501,within an hour,3,1,1,Newport Beach,299,,,3.698,17.814,11.265,9.627,3.1,13.639,19.351,18.368,19.368,22.26,22.292,14.856,3.148,9.2,1.067,3.257,1.104,1.239,5.487,0.317,2.699,2.519,5.45,5.924,1.83,3.211,4.317,4.551,0.749,69.827,6.236,1.546,1.393,5.588,1.312,0.493,3.205,0.782,242.584,0.941,0.225,0.283,0.485,0.042,0.205,0.207,0,1,0,0,0,49.83333333,inf,299,402.05447,103.05447387695312
17559679,-73.99944,40.68196,2,5,1,6,Brooklyn,Entire home/apt,6,2,3,4,Real Bed,1,1,100,1,0,0,0.4812,,0,0,0,Carroll Gardens,200,,,11.764,25.846,14.835,3.099,5.436,21.399,26.664,12.806,14.575,17.307,16.171,7.759,11.244,3.89,7.527,11.266,9.031,8.639,3.638,8.09,9.212,10.615,2.732,2.788,6.628,5.285,12.29,3.694,8.049,77.68,14.305,7.562,8.319,3.457,9.218,8.159,11.144,8.718,250.431,8.744,0.414,0.86,0.977,0.287,0.368,0.384,1,0,0,0,0,33.33333333,inf,200,324.67444,124.6744384765625
13112297,-74.00041,40.72807,11,8,1,19,Manhattan,Entire home/apt,4,1,2,2,Real Bed,1,3,87,1,0,0,2.282,within an hour,3,0.99,0,Upper East Side,159,,,6.894,21.203,13.512,7.418,0.401,17.134,22.839,16.963,18.345,21.209,20.662,11.37,6.497,5.699,2.63,6.343,4.18,3.661,1.997,3.369,4.084,5.872,2.416,2.554,1.707,0.31,7.312,1.473,3.181,72.561,9.393,2.518,3.288,2.113,4.338,3.773,6.176,3.911,245.309,3.874,0.347,0.418,0.47,0.137,0.168,0.172,0,1,0,0,0,39.75,inf,159,276.91248,117.9124755859375
35005373,-73.98155,40.74892,5,17,1,23,Manhattan,Entire home/apt,6,2,3,4,Real Bed,1,0,0,1,0,0,1.1501,within an hour,3,1,0,,350,,,4.174,18.419,11.903,9.325,2.412,14.327,20.082,18.298,19.387,22.28,22.179,14.18,3.711,8.498,0.327,3.67,1.435,1.15,4.807,0.562,2.397,3.081,4.901,5.297,1.108,2.535,4.702,3.97,0.476,70.19,6.711,0.851,1.041,4.918,1.622,1.192,3.559,1.13,242.949,1.149,0.319,0.472,0.508,0.042,0.174,0.175,0,1,0,0,0,58.33333333,inf,350,464.95584,114.95584106445312
34569621,-74.00471,40.70671,8,9,1,10,Manhattan,Entire home/apt,6,2,2,3,Real Bed,4,0,0,1,0,0,1.7097,within an hour,3,0.96,0,Financial District,179,,,9.24,23.496,14.294,5.445,2.753,19.277,24.816,15.201,16.782,19.594,18.739,9.26,8.793,3.88,4.956,8.706,6.503,6.033,1,5.619,6.468,8.162,0.631,0.356,4.028,2.607,9.695,1.151,5.501,74.95,11.76,4.907,5.676,0.842,6.674,5.854,8.553,6.211,247.694,6.202,0.339,0.37,0.462,0.159,0.161,0.164,0,1,0,0,0,29.83333333,inf,179,309.7206,130.72061157226562
34575931,-73.79847,40.72453,0,5,1,0,Queens,Entire home/apt,10,2,5,5,Real Bed,10,0,0,1,0,0,0.6155,within an hour,3,1,0,Hillcrest,189,,,15.81,20.639,3.945,15.86,16.772,15.499,16.556,16.326,15.245,17.204,19.826,25.092,15.165,21.111,15.982,16.043,15.646,16.183,18.145,15.379,17.623,15.147,16.872,17.848,16.22,16.757,16.577,16.742,15.81,74.161,16.619,16.511,16.442,18.098,15.751,14.569,16.303,15.524,245.775,15.741,1.616,1.809,1.93,0.114,0.212,0.249,0,0,1,0,0,18.9,inf,189,398.1418,209.14181518554688
5123033,-73.96856,40.75587,3,13,2,19,Manhattan,Entire home/apt,4,2,2,2,Real Bed,1,0,0,1,0,0,1.1501,within a day,1,0.79,0,Tribeca,115,1000,4000,3.249,17.258,10.913,10.045,3.692,13.051,18.758,18.622,19.557,22.447,22.573,15.442,2.643,9.793,1.623,2.865,0.989,1.436,6.077,0.805,2.891,2.027,6,6.5,2.423,3.802,3.928,5.116,1.194,69.4,5.767,2.058,1.727,6.176,1.164,0.514,2.862,0.785,242.154,1.002,0.192,0.315,0.737,0.13,0.155,0.2,0,1,0,0,0,28.75,inf,115,324.92267,209.92266845703125
14453434,-73.94768,40.72173,1,4,0,11,Brooklyn,Entire home/apt,4,1,2,2,Real Bed,1,4,95,1,0,0,0.9601,within a few hours,2,1,0,Greenpoint,110,,,7.256,20.27,9.227,6.52,4.304,15.516,20.522,14.465,15.374,18.265,18.444,13.897,6.537,8.929,4.38,6.979,5.091,5.199,5.61,4.249,6.555,6.013,4.508,5.442,4.147,4.262,8.02,4.199,4.552,73.204,9.623,4.834,5.194,5.583,5.293,3.696,7.02,4.788,245.923,4.956,0.443,0.853,0.88,0.239,0.362,0.377,1,0,0,0,0,27.5,inf,110,219.18074,109.18074035644531
32742923,-74.0062,40.7406,4,3,1,19,Manhattan,Entire home/apt,10,1,3,5,Real Bed,4,0,0,1,0,0,2.282,within an hour,3,1,0,,217,,,5.888,20.21,13.937,8.894,1.319,16.367,22.238,18.409,19.75,22.622,22.128,12.305,5.618,6.562,1.974,5.302,3.342,2.7,3.13,2.793,2.729,5.025,3.869,3.853,1.389,1.452,6.188,2.943,2.452,71.192,8.3,1.593,2.271,3.287,3.449,3.45,5.089,3.154,243.931,3.043,0.319,0.381,0.592,0.12,0.284,0.353,0,1,0,0,0,21.7,inf,217,477.47388,260.473876953125
9885815,-73.99677,40.74192,9,7,1,22,Manhattan,Entire home/apt,2,1,1,1,Real Bed,1,0,0,1,0,0,1.73,,0,0,0,Chelsea,85,,,5.366,19.696,13.144,8.794,1.235,15.738,21.55,18.15,19.409,22.292,21.93,12.83,5.021,7.108,1.225,4.803,2.706,2.127,3.506,2.042,2.567,4.409,3.942,4.121,0.6,1.386,5.753,2.98,1.747,71.009,7.844,0.969,1.732,3.641,2.841,2.657,4.622,2.476,243.76,2.399,0.135,0.258,0.349,0.045,0.246,0.281,0,1,0,0,0,42.5,inf,85,203.108,118.10800170898438
18638985,-73.9578,40.71353,1,3,1,12,Brooklyn,Entire home/apt,7,1.5,4,4,Real Bed,2,9,93,1,0,0,0.9672,within a few hours,2,1,1,Williamsburg,175,,,8.006,21.378,10.282,5.431,3.846,16.69,21.758,13.895,14.98,17.872,17.808,12.662,7.329,7.796,4.562,7.658,5.589,5.545,4.672,4.654,6.755,6.759,3.415,4.382,4.08,3.764,8.719,3.287,4.866,74.107,10.461,4.929,5.442,4.618,5.797,4.282,7.653,5.264,246.846,5.396,0.427,0.544,0.575,0.027,0.188,0.431,1,0,0,0,0,25,inf,175,329.7286,154.72860717773438
33064805,-73.99364,40.7119,1,11,1,14,Manhattan,Entire home/apt,5,2,3,3,Real Bed,1,0,0,1,0,0,1.6704,within a few hours,2,0.7,1,Chinatown,250,,,8.414,22.585,13.247,5.535,2.127,18.284,23.767,15.137,16.588,19.435,18.798,10.311,7.919,4.977,4.163,7.907,5.675,5.275,1.655,4.747,5.913,7.287,0.675,1.438,3.265,1.975,8.926,0.443,4.687,74.334,10.952,4.207,4.959,1.592,5.86,4.893,7.781,5.367,247.09,5.385,0.355,0.708,0.836,0.122,0.149,0.151,0,1,0,0,0,50,inf,250,371.75626,121.75625610351562
30716880,-73.99549,40.72246,9,4,1,19,Manhattan,Entire home/apt,6,1,2,3,Real Bed,4,23,95,1,0,0,1.6704,within an hour,3,1,1,Chinatown,228,,,7.332,21.58,13.176,6.691,0.943,17.393,22.999,16.215,17.598,20.461,19.92,11.109,6.877,5.545,3.051,6.806,4.592,4.144,1.83,3.703,4.729,6.246,1.784,2.147,2.13,0.792,7.807,0.823,3.591,73.167,9.858,3.047,3.808,1.888,4.767,3.967,6.663,4.297,245.92,4.293,0.14,0.276,0.279,0.172,0.375,0.429,0,1,0,0,0,38,inf,228,377.20648,149.20648193359375
29678746,-73.94676,40.7662,0,0,1,19,Manhattan,Entire home/apt,5,2,2,4,Real Bed,4,2,90,1,0,0,0.6855,a few days or more,0,0,0,Roosevelt Island,250,,,2.774,15.516,9.4,11.36,5.798,11.07,16.646,19.219,19.903,22.763,23.247,17.47,2.019,11.88,3.787,2.815,2.655,3.332,8.149,2.967,4.554,1.838,7.886,8.494,4.569,5.895,3.616,7.07,3.324,68.261,4.785,4.199,3.726,8.233,2.676,2.424,3.033,2.701,240.977,2.878,0.957,1.374,1.379,0.507,0.524,0.543,0,1,0,0,0,50,inf,250,370.15445,120.15444946289062
35037136,-73.96673,40.70865,0,2,1,10,Brooklyn,Entire home/apt,15,2,5,10,Real Bed,6,0,0,1,0,0,0.9672,within an hour,3,1,0,,549,,,8.501,22.118,11.162,4.801,3.568,17.499,22.638,13.705,14.927,17.809,17.546,11.735,7.862,6.907,4.736,8.105,5.947,5.798,3.949,4.98,6.872,7.267,2.582,3.561,4.097,3.457,9.169,2.63,5.12,74.65,11.001,5.023,5.629,3.872,6.154,4.742,8.067,5.616,247.401,5.72,0.757,1.138,1.271,0.392,0.455,0.531,1,0,0,0,0,36.6,inf,549,654.3483,105.34832763671875
30018946,-73.94371,40.72074,0,8,0,8,Brooklyn,Entire home/apt,6,1,2,3,Real Bed,1,0,0,1,0,0,0.9601,within an hour,3,1,1,Greenpoint,95,,,7.449,20.294,8.926,6.519,4.656,15.493,20.424,14.262,15.13,18.018,18.255,14.092,6.72,9.194,4.701,7.193,5.358,5.494,5.923,4.539,6.866,6.213,4.782,5.728,4.49,4.612,8.225,4.513,4.854,73.32,9.781,5.163,5.503,5.891,5.558,3.955,7.246,5.061,246.029,5.235,0.687,0.771,0.926,0.22,0.25,0.253,1,0,0,0,0,15.83333333,inf,95,212.63455,117.63455200195312
29588060,-73.98006,40.7826,3,21,1,19,Manhattan,Entire home/apt,4,1,2,2,Real Bed,1,13,97,1,0,0,0.7795,within an hour,3,1,1,Upper West Side,90,,,1.029,15.071,12.663,13.046,5.938,11.506,17.608,21.748,22.658,25.544,25.698,17.461,1.454,11.717,3.784,0.567,2.357,2.67,8.232,3.33,2.64,1.522,8.588,8.855,4.684,6.083,1.025,7.634,3.278,66.443,3.14,3.785,3.014,8.373,2.151,3.633,0.315,2.687,239.202,2.608,0.149,0.488,0.679,0.038,0.11,0.121,0,1,0,0,0,22.5,inf,90,236.77942,146.7794189453125
2038278,-73.92864,40.76589,0,13,1,13,Queens,Entire home/apt,6,1,3,3,Real Bed,3,2,70,1,0,0,0.6855,,0,0,0,Astoria,100,280,1000,3.963,15.116,7.952,11.684,6.978,10.373,15.645,18.904,19.408,22.231,22.962,18.437,3.281,12.963,5.146,4.153,4.158,4.821,9.243,4.342,6.078,3.273,8.778,9.486,5.836,7.056,4.772,8.049,4.734,68.341,5.441,5.6,5.197,9.307,4.192,3.672,4.412,4.17,240.999,4.36,0.524,0.611,1.013,0.188,0.21,0.22,0,0,1,0,0,16.66666667,inf,100,201.59563,101.59562683105469
33701468,-73.96944,40.76167,9,9,1,19,Manhattan,Entire home/apt,8,1.5,3,4,Real Bed,1,5,92,1,0,0,4.3095,within an hour,3,1,0,Midtown East,149,,,2.606,16.701,11.109,10.69,4.157,12.582,18.369,19.256,20.171,23.059,23.213,15.926,2.028,10.243,1.964,2.216,0.693,1.357,6.553,1.188,2.664,1.401,6.569,7.023,2.854,4.278,3.279,5.664,1.437,68.756,5.133,2.292,1.754,6.662,0.768,1.163,2.222,0.74,241.51,0.904,0.156,0.214,0.432,0.119,0.189,0.221,0,1,0,0,0,18.625,inf,149,419.07562,270.07562255859375
34490375,-73.9839,40.76267,10,11,2,19,Manhattan,Private room,4,1,1,2,Real Bed,1,0,0,0,1,0,4.3095,a few days or more,0,0.25,0,,100,,,2.819,17.151,12.323,10.867,3.717,13.287,19.213,19.785,20.82,23.712,23.687,15.366,2.534,9.632,1.546,2.254,0.542,0.432,6.054,1.242,1.443,1.964,6.349,6.642,2.447,3.86,3.231,5.397,1.066,68.666,5.302,1.581,0.825,6.187,0.477,1.858,2.089,0.729,241.426,0.531,0.105,0.177,0.192,0.143,0.168,0.24,0,1,0,0,0,25,inf,100,209.40637,109.4063720703125
883517,-73.98137,40.78615,1,15,1,18,Manhattan,Entire home/apt,6,2,3,4,Real Bed,3,27,96,1,0,0,0.7795,within a day,1,1,0,Upper West Side,339,,,1.108,14.796,12.917,13.447,6.297,11.335,17.477,22.157,23.062,25.948,26.108,17.762,1.698,12.018,4.165,0.848,2.76,3.047,8.569,3.733,2.883,1.871,8.96,9.207,5.057,6.444,0.769,8.004,3.668,66.051,2.857,4.143,3.375,8.713,2.554,4.042,0.694,3.091,238.81,3.006,0.275,0.515,0.857,0.216,0.265,0.27,0,1,0,0,0,56.5,inf,339,462.18463,123.18463134765625
33686419,-73.96376,40.71948,0,0,1,17,Brooklyn,Entire home/apt,5,2,2,3,Real Bed,4,1,0,1,0,0,0.9601,within an hour,3,1,0,,150,,,7.306,20.896,10.604,6.02,3.097,16.307,21.522,14.699,15.805,18.697,18.594,12.699,6.653,7.595,3.738,6.93,4.815,4.738,4.232,3.866,5.927,6.065,3.17,4.083,3.251,3.03,7.993,2.821,4.058,73.444,9.792,4.099,4.621,4.206,5.024,3.553,6.908,4.487,246.192,4.61,0.629,1.198,1.279,0.715,0.817,1.14,1,0,0,0,0,30,inf,150,349.6264,199.62640380859375
10568646,-73.96338,40.71906,0,0,1,17,Brooklyn,Entire home/apt,4,1,1,2,Real Bed,2,0,0,1,0,0,0.9601,,0,0,0,Williamsburg,85,,,7.354,20.93,10.583,5.976,3.146,16.334,21.54,14.643,15.749,18.64,18.54,12.692,6.7,7.604,3.795,6.98,4.868,4.794,4.256,3.92,5.984,6.113,3.178,4.096,3.308,3.077,8.043,2.845,4.113,73.491,9.838,4.155,4.678,4.228,5.077,3.603,6.959,4.54,246.238,4.664,0.582,1.194,1.226,0.659,0.76,1.103,1,0,0,0,0,21.25,inf,85,198.79681,113.79681396484375
25263327,-73.77812,40.67555,0,4,0,0,Queens,Entire home/apt,6,2,3,3,Real Bed,1,0,0,1,0,0,1.0738,a few days or more,0,0.44,0,Shaw,125,,,20.128,26.342,8.877,16.2,19.474,21.171,22.129,13.184,11.46,12.748,15.975,25.395,19.409,22.519,19.279,20.238,19.342,19.755,20.253,18.844,21.229,19.249,18.791,19.744,19.268,19.418,20.949,18.949,19.25,79.833,21.375,19.793,19.919,20.161,19.489,18.066,20.453,19.147,251.287,19.361,3.536,3.745,4.097,0.151,0.297,0.297,0,0,1,0,0,20.83333333,inf,125,301.6827,176.68270874023438
8889118,-73.99791,40.71855,8,2,1,16,Manhattan,Entire home/apt,8,1,1,5,Real Bed,3,162,94,1,0,0,1.6704,within an hour,3,1,0,Chinatown,189,,,7.809,22.06,13.448,6.355,1.366,17.866,23.456,15.953,17.386,20.239,19.621,10.641,7.357,5.107,3.526,7.28,5.07,4.614,1.433,4.183,5.149,6.726,1.344,1.671,2.602,1.214,8.277,0.394,4.068,73.609,10.333,3.505,4.27,1.464,5.243,4.44,7.134,4.776,246.361,4.77,0.175,0.194,0.343,0.312,0.395,0.548,0,1,0,0,0,23.625,inf,189,302.81613,113.81613159179688
13384425,-73.95851,40.656,2,7,1,0,Brooklyn,Entire home/apt,5,2,3,3,Real Bed,2,0,0,1,0,0,0.8737,within an hour,3,1,1,Lefferts Garden,128,,,14.378,27.587,13.607,1.422,8.941,22.701,27.261,8.359,10.075,12.818,11.917,10.026,13.718,8.145,10.567,13.997,11.84,11.659,7.836,10.87,12.612,13.136,6.493,6.994,9.823,8.796,15.061,7.322,10.989,80.503,16.854,10.787,11.453,7.664,12.047,10.624,13.962,11.509,253.243,11.607,0.264,0.699,0.705,0.143,0.177,0.179,1,0,0,0,0,25.6,inf,128,228.76816,100.76815795898438
5148878,-73.96596,40.71135,0,0,1,12,Brooklyn,Entire home/apt,4,2,2,2,Futon,3,5,92,1,0,0,0.9672,,0,0,0,Williamsburg,125,,,8.202,21.813,11.01,5.104,3.417,17.2,22.357,13.948,15.14,18.026,17.804,11.973,7.56,7.067,4.477,7.811,5.661,5.528,3.988,4.697,6.629,6.966,2.691,3.662,3.868,3.315,8.875,2.628,4.849,74.349,10.699,4.781,5.37,3.924,5.869,4.444,7.776,5.331,247.099,5.439,0.767,1.012,1.168,0.515,0.566,0.67,1,0,0,0,0,31.25,inf,125,261.30194,136.30194091796875
33911544,-73.96759,40.76458,7,7,1,20,Manhattan,Entire home/apt,10,1,4,5,Real Bed,1,7,93,1,0,0,0.9315,within an hour,3,1,0,Upper East Side,159,,,2.281,16.342,11.034,11.015,4.513,12.232,18.036,19.514,20.398,23.284,23.481,16.281,1.677,10.594,2.309,1.932,0.916,1.607,6.909,1.545,2.797,1.056,6.927,7.382,3.207,4.635,2.986,6.023,1.772,68.431,4.795,2.613,2.025,7.018,0.913,1.478,1.973,1.052,241.184,1.181,0.125,0.215,0.231,0.359,0.445,0.455,0,1,0,0,0,15.9,inf,159,385.92944,226.929443359375
31408487,-73.98523,40.73065,2,19,1,19,Manhattan,Entire home/apt,4,1,2,2,Real Bed,1,14,93,1,0,0,1.1773,within an hour,3,0.98,0,East Village,88,,,6.22,20.391,12.212,7.357,1.02,16.152,21.743,16.59,17.826,20.71,20.396,12.359,5.716,6.797,2.02,5.724,3.487,3.141,3.072,2.547,4.017,5.085,2.872,3.386,1.223,1.019,6.756,1.981,2.516,72.228,8.76,2.186,2.877,3.14,3.677,2.727,5.613,3.173,244.988,3.204,0.256,0.305,0.497,0.136,0.166,0.168,0,1,0,0,0,22,inf,88,263.56726,175.5672607421875
23288584,-73.98188,40.76422,10,13,2,19,Manhattan,Private room,4,2,2,2,Real Bed,1,0,0,0,1,0,4.3095,,0,0,0,Midtown,250,,,2.588,16.918,12.194,11.021,3.935,13.045,18.972,19.883,20.892,23.784,23.796,15.601,2.292,9.869,1.739,2.031,0.468,0.652,6.282,1.338,1.595,1.723,6.55,6.86,2.653,4.076,3.026,5.601,1.23,68.49,5.084,1.81,1.062,6.413,0.318,1.866,1.881,0.746,241.249,0.594,0.114,0.152,0.323,0.06,0.203,0.26,0,1,0,0,0,62.5,inf,250,369.02863,119.02862548828125
23668732,-73.98698,40.74677,8,15,1,23,Manhattan,Entire home/apt,4,1.5,1,2,Real Bed,4,6,87,1,0,0,9.9753,within an hour,3,1,0,,120,,,4.543,18.836,12.342,9.149,1.976,14.798,20.579,18.266,19.415,22.305,22.115,13.727,4.13,8.029,0.262,4.01,1.815,1.357,4.362,1.059,2.318,3.505,4.563,4.892,0.67,2.109,5.013,3.614,0.814,70.441,7.063,0.508,1.081,4.48,1.978,1.696,3.868,1.546,243.199,1.509,0.202,0.322,0.336,0.16,0.183,0.254,0,1,0,0,0,30,inf,120,262.68185,142.68185424804688
9967218,-73.96433,40.68715,2,10,1,4,Brooklyn,Entire home/apt,4,1,2,2,Real Bed,1,4,100,1,0,0,1.8669,,0,0,0,Clinton Hill,75,,,10.896,24.349,11.941,2.447,5.597,19.606,24.503,11.497,12.892,15.745,15.255,10.611,10.248,6.769,7.084,10.504,8.342,8.168,5.023,7.372,9.165,9.658,3.509,4.297,6.371,5.46,11.568,4.14,7.495,77.039,13.387,7.326,7.973,4.878,8.549,7.138,10.465,8.011,249.788,8.109,0.236,0.407,0.451,0.084,0.184,0.325,1,0,0,0,0,18.75,inf,75,176.5048,101.50480651855469
6972271,-73.98272,40.74462,1,15,1,23,Manhattan,Entire home/apt,6,1,2,3,Real Bed,1,0,0,1,0,0,9.9753,,0,0,0,Midtown,150,,,4.661,18.893,11.97,8.862,1.967,14.767,20.485,17.9,19.024,21.916,21.764,13.731,4.189,8.067,0.519,4.158,1.923,1.6,4.359,1.016,2.712,3.557,4.414,4.825,0.707,2.082,5.188,3.486,0.951,70.67,7.199,0.938,1.41,4.464,2.11,1.463,4.045,1.615,243.43,1.636,0.171,0.216,0.512,0.178,0.239,0.285,0,1,0,0,0,25,inf,150,317.5495,167.54949951171875
11459958,-73.95654,40.71213,5,4,0,10,Brooklyn,Entire home/apt,16,3.5,8,8,Real Bed,1,86,93,1,0,0,0.9672,within a day,1,0.5,0,,690,,,8.173,21.498,10.226,5.299,4.017,16.79,21.825,13.711,14.792,17.684,17.627,12.652,7.492,7.844,4.75,7.83,5.769,5.731,4.779,4.838,6.943,6.925,3.487,4.46,4.267,3.932,8.89,3.404,5.052,74.263,10.621,5.117,5.63,4.719,5.978,4.456,7.828,5.445,247,5.579,0.432,0.438,0.57,0.203,0.243,0.342,1,0,0,0,0,43.125,inf,690,1132.6141,442.6141357421875
8520836,-74.00091,40.74026,9,5,1,21,Manhattan,Entire home/apt,6,1.5,3,3,Real Bed,1,2,0,1,0,0,1.8733,,0,0,0,Chelsea,300,1750,6000,5.692,20.024,13.491,8.714,1.092,16.103,21.932,18.155,19.457,22.335,21.905,12.492,5.373,6.761,1.614,5.119,3.067,2.462,3.208,2.434,2.729,4.766,3.77,3.867,0.947,1.241,6.046,2.817,2.127,71.208,8.148,1.311,2.05,3.352,3.192,3.051,4.926,2.849,243.955,2.761,0.096,0.15,0.27,0.171,0.254,0.328,0,1,0,0,0,50,inf,300,421.37787,121.37786865234375
9390729,-73.95026,40.78758,1,16,1,16,Manhattan,Entire home/apt,10,4,4,6,Real Bed,6,72,96,1,0,0,1.0669,within a few hours,2,1,1,East Harlem,465,,,1.543,13.41,10.646,13.67,7.453,9.333,15.266,21.604,22.247,25.096,25.637,19.218,1.435,13.516,5.23,2.078,3.707,4.335,9.848,4.489,4.952,2.009,9.848,10.326,6.144,7.577,2.091,8.958,4.681,65.879,2.449,5.464,4.767,9.96,3.587,4.296,2.393,3.947,238.604,4.014,0.223,0.409,0.97,0.034,0.153,0.229,0,1,0,0,0,46.5,inf,465,792.4007,327.40069580078125
33097219,-74.08901,40.61572,0,2,1,0,Staten,Entire home/apt,8,3,4,5,Real Bed,1,1,80,1,0,0,0.5752,within a few hours,2,1,0,Grymes Hill,300,,,21.407,35.739,25.066,11.487,14.953,31.642,37.129,16.419,18.838,20.64,17.652,3.273,21.051,8.995,17.185,20.833,18.731,18.171,12.561,17.917,18.169,20.428,12.719,12.105,16.264,14.828,21.73,13.518,17.736,85.648,23.843,17.013,17.765,12.445,18.879,18.215,20.63,18.468,258.109,18.423,4.908,5.174,5.581,0.381,0.417,0.502,0,0,0,1,0,37.5,inf,300,469.22882,169.22882080078125
14196990,-73.99274,40.75999,11,8,2,19,Manhattan,Entire home/apt,4,1,3,3,Real Bed,1,5,96,1,0,0,4.3095,within an hour,3,0.99,0,Upper East Side,175,,,3.469,17.777,12.998,10.68,3.266,14.014,19.977,19.805,20.925,23.817,23.661,14.74,3.278,8.997,1.387,2.875,1.281,0.652,5.507,1.54,0.864,2.738,5.963,6.154,2.114,3.416,3.756,5.001,1.163,68.988,5.866,1.148,0.509,5.651,1.271,2.317,2.654,1.32,241.743,1.107,0.391,0.632,0.684,0.177,0.2,0.212,0,1,0,0,0,43.75,inf,175,299.3544,124.35440063476562
15445427,-73.98397,40.76273,8,11,2,19,Manhattan,Entire home/apt,5,2,2,3,Real Bed,1,0,0,1,0,0,4.3095,within a few hours,2,0.99,0,Upper East Side,290,,,2.815,17.147,12.33,10.874,3.722,13.286,19.213,19.794,20.828,23.721,23.696,15.369,2.533,9.635,1.552,2.25,0.549,0.437,6.058,1.251,1.436,1.965,6.354,6.646,2.452,3.864,3.226,5.402,1.073,68.66,5.298,1.584,0.828,6.191,0.482,1.867,2.084,0.738,241.419,0.54,0.112,0.172,0.197,0.134,0.176,0.241,0,1,0,0,0,58,inf,290,407.97818,117.97817993164062
14177069,-73.96454,40.75546,3,9,2,19,Manhattan,Entire home/apt,6,2.5,3,3,Real Bed,1,0,0,1,0,0,1.1501,within a few hours,2,0.88,0,Midtown East,375,,,3.31,17.167,10.571,10.009,3.89,12.892,18.548,18.47,19.37,22.257,22.435,15.607,2.654,9.984,1.908,2.978,1.293,1.776,6.258,1.106,3.226,2.065,6.104,6.646,2.654,3.992,4.031,5.242,1.516,69.444,5.793,2.367,2.067,6.349,1.45,0.537,3.009,1.119,242.193,1.336,0.446,0.648,0.833,0.221,0.249,0.284,0,1,0,0,0,62.5,inf,375,552.1547,177.15472412109375
34997828,-73.97213,40.74334,0,7,1,22,Manhattan,Entire home/apt,8,2,3,5,Real Bed,1,0,0,1,0,0,1.1501,within a day,1,0.5,0,Murray Hill,300,,,4.654,18.657,11.073,8.654,2.539,14.365,19.959,17.422,18.458,21.351,21.334,14.15,4.068,8.57,1.275,4.229,2.071,2.047,4.838,1.127,3.395,3.448,4.613,5.177,1.503,2.617,5.291,3.761,1.387,70.796,7.184,1.786,2.032,4.917,2.279,0.958,4.183,1.742,243.553,1.868,0.892,0.958,1.019,0.061,0.126,0.152,0,1,0,0,0,37.5,inf,300,520.9672,220.96722412109375
27132152,-73.94114,40.80603,5,15,1,6,Manhattan,Entire home/apt,6,2.5,3,3,Real Bed,1,24,100,1,0,0,2.4892,within a few hours,2,0.91,0,East Harlem,275,,,3.262,11.224,11.216,15.807,9.609,7.327,13.433,23.476,23.991,26.808,27.529,21.358,3.51,15.637,7.374,3.868,5.83,6.418,11.998,6.658,6.801,4.131,12.036,12.498,8.297,9.736,3.29,11.141,6.823,63.844,1.811,7.568,6.839,12.116,5.689,6.486,4.138,6.092,236.544,6.138,0.365,0.414,0.824,0.065,0.067,0.096,0,1,0,0,0,45.83333333,inf,275,410.86047,135.8604736328125
3042553,-73.98987,40.72232,4,13,1,19,Manhattan,Private room,2,1,4,1,Real Bed,1,132,94,0,1,0,1.6704,within an hour,3,1,1,Lower East Side,77,,,7.213,21.397,12.71,6.538,1.135,17.139,22.689,15.961,17.298,20.168,19.704,11.393,6.72,5.897,2.97,6.708,4.475,4.087,2.227,3.547,4.812,6.088,1.868,2.417,2.09,1.007,7.73,0.988,3.489,73.166,9.751,3.049,3.786,2.261,4.66,3.722,6.585,4.166,245.923,4.185,0.12,0.409,0.438,0.071,0.103,0.119,0,1,0,0,0,38.5,inf,77,181.58125,104.58125305175781
13787558,-73.99559,40.6788,2,2,1,6,Brooklyn,Entire home/apt,14,2.5,4,9,Real Bed,5,5,75,1,0,0,0.4812,within a few hours,2,1,0,Carroll Gardens,525,,,12.041,26.056,14.702,2.632,5.787,21.556,26.753,12.328,14.1,16.83,15.698,7.851,11.502,4.29,7.833,11.555,9.317,8.95,4.079,8.366,9.573,10.875,3.08,3.224,6.946,5.635,12.587,4.04,8.345,78.019,14.583,7.892,8.642,3.899,9.508,8.395,11.443,9,250.774,9.035,0.173,0.581,0.909,0.191,0.197,0.539,1,0,0,0,0,37.5,inf,525,673.5016,148.5015869140625
35222002,-73.9009,40.73802,0,3,0,0,Queens,Entire home/apt,6,1,1,3,Real Bed,6,0,0,1,0,0,0.9628,,0,0,0,Maspeth,100,,,7.72,17.826,5.069,9.932,8.164,12.678,16.929,15.608,15.861,18.625,19.674,18.136,6.981,13.267,7.222,7.788,6.973,7.466,9.867,6.63,8.926,6.788,8.843,9.767,7.491,8.171,8.556,8.468,7.06,71.566,9.312,7.751,7.701,9.86,7.1,5.822,7.994,6.819,244.096,7.037,0.864,0.998,1.195,0.346,0.423,0.495,0,0,1,0,0,16.66666667,inf,100,200.0933,100.09330749511719
17511694,-73.98277,40.74896,8,18,1,23,Manhattan,Entire home/apt,6,1,2,4,Real Bed,1,8,65,1,0,0,9.9753,within an hour,3,1,0,Midtown East,115,,,4.199,18.46,12.006,9.341,2.36,14.387,20.154,18.343,19.442,22.335,22.218,14.126,3.751,8.438,0.224,3.686,1.458,1.123,4.755,0.631,2.326,3.122,4.879,5.257,1.051,2.487,4.711,3.943,0.47,70.188,6.732,0.748,0.978,4.868,1.638,1.291,3.567,1.163,242.947,1.163,0.325,0.434,0.442,0.062,0.117,0.191,0,1,0,0,0,19.16666667,inf,115,259.38077,144.38076782226562
9127163,-73.76828,40.72402,0,1,0,0,Queens,Private room,5,2.5,2,3,Real Bed,1,3,80,0,1,0,0.6155,within an hour,3,1,0,Jamaica,83,,,18.164,21.726,6.353,18.188,19.316,16.789,16.932,17.7,16.334,17.971,20.928,27.465,17.544,23.607,18.502,18.427,18.125,18.676,20.68,17.887,20.107,17.559,19.395,20.372,18.755,19.301,18.91,19.279,18.319,74.726,18.814,19.031,18.944,20.632,18.224,17.077,18.697,18.014,245.941,18.23,1.82,2.613,3.475,0.466,0.649,0.674,0,0,1,0,0,16.6,inf,83,183.5578,100.55780029296875
3866888,-73.98313,40.7495,12,17,1,23,Manhattan,Entire home/apt,5,1,2,3,Real Bed,4,13,89,1,0,0,9.9753,within an hour,3,1,0,Midtown East,150,,4500,4.15,18.42,12.041,9.404,2.397,14.359,20.135,18.41,19.509,22.402,22.285,14.159,3.71,8.467,0.208,3.634,1.41,1.058,4.789,0.617,2.26,3.082,4.93,5.299,1.086,2.525,4.656,3.991,0.414,70.129,6.682,0.714,0.911,4.904,1.588,1.311,3.511,1.122,242.888,1.113,0.39,0.396,0.406,0.084,0.116,0.195,0,1,0,0,0,30,inf,150,286.83627,136.83627319335938
7651547,-73.95234,40.82206,1,17,0,4,Manhattan,Entire home/apt,8,3,3,4,Real Bed,2,1,100,1,0,0,0.9558,within an hour,3,1,1,Hamilton Heights,274,,,4.324,10.117,13.117,17.466,10.829,7.088,13.374,25.396,25.961,28.788,29.44,22.431,4.843,16.686,8.608,4.864,7.065,7.547,13.17,7.988,7.562,5.467,13.397,13.754,9.535,10.968,3.945,12.465,8.065,62.043,1.83,8.698,7.932,13.305,6.89,7.975,5.047,7.367,234.772,7.363,0.113,0.526,0.609,0.135,0.137,0.158,0,1,0,0,0,34.25,inf,274,422.23218,148.232177734375
13744765,-73.99595,40.74107,9,5,1,22,Manhattan,Entire home/apt,4,2,2,3,Real Bed,1,4,100,1,0,0,1.73,,0,0,0,Chelsea,250,,,5.421,19.747,13.074,8.685,1.145,15.766,21.564,18.034,19.292,22.175,21.816,12.786,5.062,7.07,1.236,4.862,2.743,2.182,3.448,2.045,2.67,4.446,3.848,4.047,0.525,1.296,5.821,2.886,1.771,71.101,7.907,1.028,1.797,3.579,2.885,2.633,4.687,2.503,243.853,2.435,0.162,0.317,0.332,0.158,0.311,0.37,0,1,0,0,0,62.5,inf,250,351.92535,101.92535400390625
16015053,-73.96381,40.71304,0,3,1,12,Brooklyn,Entire home/apt,6,1,3,4,Real Bed,4,116,89,1,0,0,0.9672,within an hour,3,1,0,Williamsburg,149,,,8.021,21.578,10.783,5.306,3.448,16.952,22.098,14.044,15.199,18.087,17.919,12.232,7.369,7.303,4.375,7.641,5.512,5.406,4.165,4.555,6.545,6.781,2.91,3.874,3.809,3.355,8.705,2.785,4.725,74.16,10.508,4.702,5.266,4.109,5.72,4.266,7.614,5.182,246.908,5.298,0.729,0.753,1.045,0.329,0.482,0.496,1,0,0,0,0,24.83333333,inf,149,303.3172,154.31719970703125
11044326,-73.9468,40.78119,0,15,1,17,Manhattan,Entire home/apt,5,2,3,3,Real Bed,1,6,97,1,0,0,0.9315,within an hour,3,1,0,Upper East Side,200,,,1.86,13.954,10.05,13.005,7.034,9.699,15.5,20.848,21.48,24.328,24.884,18.798,1.408,13.129,4.852,2.251,3.399,4.07,9.427,4.069,4.899,1.804,9.331,9.859,5.738,7.15,2.585,8.466,4.317,66.595,3.216,5.147,4.504,9.53,3.316,3.764,2.562,3.591,239.311,3.695,0.615,0.764,1.048,0.086,0.213,0.25,0,1,0,0,0,40,inf,200,311.72803,111.72802734375
